RoadType,SpeedLimit,NodeID,x,y
trunk,40,1763601223,1.3796104,51.3358443
trunk,40,423442,1.389895,51.334607
trunk,40,423447,1.3902601,51.3344974
trunk,40,300615145,1.3901943,51.3342082
primary,40,1607646455,1.3917371,51.3344115
primary,40,1607646425,1.3933187,51.334007
primary,40,245946327,1.3944967,51.3336504
primary,30,1525333653,1.3975026,51.3343065
residential,30,423510,1.4231421,51.3326871
residential,30,3517774735,1.4230847,51.3327975
secondary,30,1519569785,1.4227745,51.3326598
secondary,30,423511,1.4236717,51.3328296
secondary,30,29030008,1.4244551,51.3338151
secondary,30,423526,1.4262633,51.334764
secondary,30,1607681671,1.4262634,51.3346399
secondary,30,423528,1.4266729,51.3351359
secondary,30,1607681674,1.4270315,51.3353533
residential,30,423530,1.4273976,51.3355795
residential,30,423531,1.4279331,51.3359019
secondary,30,1607681679,1.4273119,51.335528
secondary,30,423534,1.4265644,51.3360415
residential,30,423533,1.4285842,51.3363192
residential,30,8226144647,1.4275036,51.3361789
footway,No data,29058270,1.4282098,51.3357227
residential,30,8226144648,1.4281461,51.3365743
footway,No data,1566288876,1.4288074,51.3361452
secondary,30,423535,1.4252069,51.3366742
secondary,30,423536,1.4247472,51.3369169
residential,30,308295770,1.4256823,51.3376737
secondary,30,307623905,1.4243239,51.337157
primary,30,423538,1.4230347,51.3377735
primary,30,8975198164,1.4228904,51.3377931
primary,30,308282923,1.4238547,51.3385682
secondary,30,307623904,1.4236926,51.3375825
residential,30,423542,1.4246084,51.339132
primary,30,308282914,1.4246473,51.3391639
primary,30,307623903,1.4243402,51.3389343
primary,30,423544,1.4261855,51.34064
primary,30,308282911,1.4260085,51.3404616
primary,30,308282907,1.4266804,51.3411863
footway,No data,423547,1.4317213,51.3384349
residential,30,1566288951,1.4323079,51.3391278
residential,30,29058264,1.4313152,51.338108
primary,30,423559,1.4270224,51.3433543
primary,30,423560,1.4273188,51.344396
primary,30,308282898,1.4269915,51.3431248
residential,30,1607681896,1.4266403,51.3434222
primary,30,8975078468,1.4274167,51.3447441
tertiary,30,423562,1.4303793,51.3426119
tertiary,30,29029352,1.4304808,51.3429298
tertiary,30,29029385,1.4302253,51.3421384
residential,30,308311250,1.4302357,51.3429322
tertiary,30,1579287267,1.4309565,51.3444328
tertiary,30,29029351,1.4308465,51.3440972
tertiary,30,29029380,1.4297712,51.3445855
primary,30,423565,1.4275146,51.34507
primary,30,307454643,1.4276111,51.3454084
tertiary,30,1837656523,1.4287038,51.344823
tertiary,40,423671,1.3887678,51.3578989
primary,40,8243084927,1.3890546,51.3578421
service,No data,423678,1.3901091,51.3593052
service,No data,336131790,1.390252,51.3592303
service,No data,336359954,1.3902222,51.3591904
service,No data,2046481054,1.3904111,51.3588507
primary,40,424809,1.3842545,51.3450331
service,No data,424815,1.3846542,51.3459177
service,No data,1607646792,1.3847498,51.3458939
residential,20,424816,1.3853958,51.3474314
residential,20,36495250,1.3854803,51.3474171
primary,40,424817,1.3858612,51.3484508
unclassified,30,424825,1.3861415,51.352859
unclassified,30,6805519800,1.3849896,51.3528766
tertiary,30,5257308125,1.3867691,51.3541513
tertiary,30,8243084939,1.3862152,51.3525416
footway,No data,8934124867,1.4198885,51.3304136
primary,30,28254324,1.4001776,51.3360398
primary,30,245946332,1.4004053,51.3362609
primary,30,36136488,1.3997402,51.3354124
residential,30,300612585,1.4008617,51.3357931
tertiary,30,28254338,1.4146009,51.3365963
tertiary,30,300925067,1.4150231,51.3363883
tertiary,30,300918704,1.4143681,51.3367103
unclassified,30,7930876075,1.4133482,51.3357165
tertiary,30,28254340,1.4168017,51.3354073
tertiary,30,300925081,1.4162619,51.3357342
residential,30,29029409,1.4173619,51.3357428
tertiary,30,29029288,1.4171039,51.3352092
tertiary,30,28254341,1.4180302,51.3346685
tertiary,30,29029289,1.4178476,51.3347851
residential,30,1200011068,1.4211404,51.3360616
residential,30,29029445,1.4267567,51.3380241
residential,30,1607681688,1.429278,51.3367598
residential,30,1779290257,1.4284101,51.3371566
secondary,40,29028359,1.396955,51.3321336
secondary,40,300620347,1.3972432,51.3319786
secondary,40,577322198,1.3962704,51.3325417
secondary,40,29028360,1.397552,51.3318008
secondary,40,29028367,1.3992152,51.3308766
secondary,40,29028369,1.4005317,51.3300913
secondary,40,29028375,1.4025192,51.3294033
secondary,40,300398888,1.4026499,51.3293818
secondary,40,8393726197,1.4022017,51.3294762
tertiary,30,300636431,1.4017832,51.3293433
secondary,40,29028378,1.4054982,51.3294175
secondary,40,29028380,1.4058384,51.3294726
secondary,40,300398891,1.4040258,51.3292835
secondary,40,300398892,1.4066681,51.3296428
residential,30,9102007938,1.4080985,51.328882
residential,30,300627655,1.4064341,51.3278511
residential,30,300627640,1.4088532,51.3282681
residential,30,29028462,1.4091096,51.3285337
footway,No data,29028390,1.4100384,51.3275173
footway,No data,300657038,1.409294,51.3284674
footway,No data,29950650,1.4086988,51.3274469
footway,No data,29029250,1.4094099,51.3275212
footway,No data,559461429,1.4164192,51.3297777
residential,30,29028396,1.4109867,51.3288575
secondary,30,29028399,1.4119135,51.3291297
secondary,30,5864754992,1.4105494,51.3287576
secondary,30,29028400,1.4123597,51.3292332
residential,30,29031120,1.411995,51.3297333
secondary,30,3964088122,1.4128002,51.3293224
secondary,30,300938228,1.4135602,51.3293015
secondary,30,29028403,1.4139441,51.3291104
secondary,30,9102010155,1.4138327,51.3291881
secondary,30,1765206580,1.4159942,51.3296415
service,30,300933644,1.415047,51.3296843
unclassified,30,29028414,1.4191518,51.331968
unclassified,30,29029498,1.4188641,51.3322365
secondary,30,8226001424,1.4197757,51.332063
unclassified,30,29028419,1.4221713,51.332094
unclassified,30,559461496,1.4223275,51.3320732
unclassified,30,8226011249,1.421655,51.332172
unclassified,30,29028421,1.4231778,51.332025
unclassified,30,29028425,1.4234094,51.3320871
footway,No data,559461508,1.4232377,51.3318101
unclassified,30,5423331143,1.4240346,51.3323417
unclassified,30,29028434,1.4273052,51.33468
unclassified,30,29028435,1.428008,51.3351223
unclassified,30,1519569980,1.4269607,51.3344663
residential,30,29028437,1.4291535,51.3358845
unclassified,30,29028438,1.429501,51.3361079
unclassified,30,10736634698,1.4296937,51.3362298
residential,30,29028440,1.4334212,51.339976
residential,30,29028441,1.4330378,51.3396505
footway,No data,1566288971,1.4333701,51.3395221
footway,No data,4570186179,1.4331957,51.3395895
secondary,30,1579312440,1.4077991,51.3300173
tertiary,30,29028459,1.4080276,51.3300048
tertiary,30,300649169,1.4100562,51.3306509
residential,30,29028461,1.4087383,51.3290068
residential,30,8226587194,1.4082633,51.3289087
residential,30,29028683,1.3983128,51.3288588
tertiary,30,300629686,1.4003903,51.329183
tertiary,30,559461257,1.3980719,51.328798
residential,30,29028685,1.3981386,51.3274063
footway,No data,300628210,1.3982092,51.3262225
residential,30,300627671,1.4002942,51.3273345
residential,30,300627661,1.4043299,51.3275972
residential,30,1540957399,1.4042443,51.3275121
residential,30,29028699,1.4002975,51.3272447
residential,30,29028701,1.3981789,51.3272737
residential,30,300627677,1.3981359,51.3273284
tertiary,30,29028703,1.40769,51.330525
tertiary,30,1336927858,1.4077831,51.3303644
tertiary,30,300623612,1.4075341,51.3307485
residential,30,300649168,1.4096992,51.3311235
tertiary,30,29028704,1.4071524,51.3313502
tertiary,30,29028705,1.4066719,51.3320462
tertiary,30,7812018785,1.4066229,51.3321172
residential,30,10570929943,1.4025681,51.3308332
residential,30,29028713,1.4115627,51.3296404
tertiary,30,29028720,1.4149154,51.331979
tertiary,30,300651097,1.4138114,51.3317194
tertiary,30,29028721,1.4155931,51.3321324
residential,30,300933616,1.4150959,51.331759
tertiary,30,300933588,1.4159805,51.3322111
residential,30,7100936181,1.415291,51.3325979
tertiary,30,29028723,1.4170938,51.3325961
tertiary,30,29028724,1.4178004,51.3328443
tertiary,30,559461445,1.4168479,51.3324918
residential,30,7100949104,1.4171505,51.3334505
unclassified,30,300933582,1.4181243,51.332962
tertiary,30,300799268,1.412457,51.3373038
tertiary,30,300697236,1.4112221,51.3376849
tertiary,30,29029400,1.4127859,51.3384439
tertiary,30,300799062,1.4110281,51.3370702
tertiary,30,300925072,1.4155637,51.3360939
tertiary,30,300945875,1.4155859,51.3375463
tertiary,30,300944358,1.4174657,51.3350002
residential,30,10577244372,1.4168532,51.3350764
residential,30,6875968067,1.4173447,51.3345555
pedestrian,No data,4642522205,1.4234326,51.3315935
residential,30,29029376,1.4326249,51.3432875
tertiary,30,308311269,1.4307183,51.3436811
residential,30,29029381,1.4324597,51.3421844
residential,30,4438868052,1.4296429,51.3442775
footway,No data,29029383,1.4317884,51.3415125
tertiary,30,308301519,1.4301199,51.3417383
tertiary,30,29029386,1.4301116,51.3410974
tertiary,30,308301517,1.4301014,51.3412078
tertiary,30,29029387,1.4301118,51.3407612
tertiary,30,1607681743,1.4295802,51.340094
residential,30,1607681778,1.4310038,51.3408233
primary,30,29029401,1.4142722,51.3382944
primary,30,36136487,1.4112207,51.338428
primary,30,29029402,1.4144516,51.3385837
primary,30,29029405,1.414913,51.3382904
residential,30,300918701,1.4130538,51.3371017
primary,30,308326493,1.4145625,51.3387174
tertiary,30,5391125342,1.4152466,51.3378637
primary,30,308315438,1.4147083,51.338558
primary,30,308282945,1.415813,51.3383035
primary,30,29029408,1.4140593,51.3394575
primary,30,308282949,1.4141896,51.3392548
residential,30,308325237,1.414821,51.3411775
primary,30,308282948,1.4138639,51.3397081
residential,30,300944355,1.4180114,51.335356
residential,30,307491724,1.4204498,51.3374162
residential,30,300925857,1.4162109,51.3347681
residential,30,29029419,1.416477,51.3344375
footway,30,1769230659,1.4169725,51.3348009
residential,30,29029422,1.4181794,51.3337558
residential,30,7100949106,1.4183702,51.3337223
pedestrian,30,300926688,1.4187661,51.3332312
pedestrian,30,300926693,1.4186586,51.3336127
residential,30,29029425,1.4191701,51.3339402
residential,30,29029500,1.4202503,51.3340759
residential,30,983146641,1.4200609,51.3345644
residential,30,983146642,1.4190616,51.3350036
residential,30,1779062722,1.41943,51.3351516
residential,30,1779062680,1.4197924,51.3349881
residential,30,29029432,1.4199638,51.335563
residential,30,29029434,1.4207647,51.3351997
footway,30,1779210977,1.4210359,51.335443
residential,30,29029438,1.4212089,51.3360272
service,30,29029443,1.4209381,51.3357927
tertiary,30,308313111,1.4281958,51.3391738
residential,30,29029448,1.4289091,51.3396016
residential,30,29029449,1.4293355,51.3393937
tertiary,30,308313066,1.4294663,51.3399934
tertiary,30,308301510,1.4282314,51.3391956
residential,30,7192629594,1.4273769,51.336276
service,No data,29029471,1.4297004,51.3366351
unclassified,30,29961868,1.4264218,51.3346284
unclassified,30,1519569943,1.4266773,51.3342735
unclassified,30,4570186180,1.418538,51.3325042
service,30,8226027727,1.4187809,51.3321844
pedestrian,30,29033165,1.4199563,51.3337933
residential,30,307493594,1.4221797,51.3361967
residential,30,9009852750,1.4225827,51.3359718
residential,30,29029505,1.4222554,51.3363686
residential,30,8975293978,1.4223952,51.3367117
residential,30,1200010847,1.4229985,51.33714
residential,30,983149046,1.4226322,51.3372172
residential,30,8975293975,1.4235357,51.3364627
residential,30,29029983,1.424046,51.3353925
residential,30,29030005,1.4237805,51.3357272
residential,30,29029980,1.4247475,51.3354854
residential,30,29029981,1.4235316,51.3347474
footway,30,1779290025,1.4231658,51.3344429
residential,30,29029987,1.4229402,51.3359175
residential,30,1779290178,1.4226014,51.3359668
residential,30,9009868847,1.4227952,51.3357916
service,30,9009852806,1.4234331,51.3360893
residential,30,1779290170,1.4221327,51.3353578
residential,30,9009868854,1.4226154,51.3351732
residential,30,1779290148,1.4224168,51.3352537
residential,30,9009868821,1.4232865,51.3351998
footway,No data,4567908516,1.4235509,51.3358117
residential,30,29030016,1.4205076,51.3335736
footway,No data,29033166,1.4197416,51.3335888
residential,30,1779289902,1.4214314,51.3342447
residential,30,29030018,1.4217808,51.3343453
residential,30,29030019,1.4221784,51.3344435
residential,30,1779290090,1.4225477,51.3347475
footway,No data,29030195,1.4228492,51.3341222
residential,30,29030196,1.4230099,51.3342869
footway,30,1779289879,1.4226989,51.3339001
residential,30,29030200,1.4208797,51.3323843
residential,30,29030201,1.4206617,51.3324901
secondary,30,3517774725,1.4219284,51.33262
pedestrian,30,300926675,1.4198847,51.3332576
residential,30,4567898666,1.4216209,51.3329314
unclassified,30,29030277,1.4190112,51.3329171
unclassified,30,29030278,1.4195734,51.3324495
unclassified,30,5901401484,1.4191538,51.3327958
residential,30,1336927793,1.4063837,51.3277604
residential,30,29031075,1.4065204,51.3277776
residential,30,3964088123,1.4120709,51.3303523
primary,30,29057761,1.414335,51.3390241
primary,30,10570926188,1.4142702,51.3391258
residential,30,8308753843,1.4072737,51.3404276
service,No data,29057768,1.4065228,51.3404277
service,No data,6640465988,1.4064418,51.340462
residential,30,8308753837,1.4065943,51.3404726
residential,30,300700015,1.4064629,51.3402476
service,No data,29057770,1.4062413,51.3407948
footway,No data,5629985054,1.4063958,51.340769
cycleway,No data,29058265,1.4315605,51.3379221
footway,No data,1566288879,1.4320499,51.3382466
cycleway,No data,1607681686,1.4295358,51.3366386
cycleway,No data,29058272,1.4276111,51.3353457
cycleway,No data,1607681673,1.427259,51.3352002
cycleway,No data,29799014,1.3814496,51.3332503
cycleway,No data,1601422430,1.3798217,51.3328028
unclassified,60,8299968511,1.381653,51.3333007
tertiary,30,29799025,1.3917745,51.3311423
tertiary,30,300616696,1.3918514,51.3312651
tertiary,30,7976743823,1.3914688,51.3304252
unclassified,10,7941660089,1.3886667,51.3314101
tertiary,30,29950591,1.3911186,51.3295327
tertiary,30,29950592,1.3907033,51.3287445
tertiary,30,29950593,1.3905833,51.3283278
tertiary,30,998165156,1.3908176,51.327786
tertiary,30,29950596,1.3922165,51.3271646
tertiary,30,8395514042,1.3922807,51.3271633
tertiary,30,8211174158,1.3914845,51.3272541
cycleway,No data,29950597,1.3964571,51.3283532
cycleway,No data,1094280549,1.3962937,51.3269498
tertiary,30,11553992138,1.3957218,51.3281111
cycleway,No data,29950644,1.4013325,51.3266285
cycleway,No data,8860759815,1.4017357,51.3266601
cycleway,No data,1094315478,1.4002982,51.32661
footway,No data,1540971536,1.401294,51.3272846
cycleway,No data,1336927927,1.4067382,51.3271474
footway,No data,1519570019,1.4263919,51.3345631
primary,30,36136478,1.4027352,51.3519117
primary,30,313876609,1.4028648,51.3517654
primary,30,8635874621,1.4024789,51.3522084
residential,30,8635874620,1.4025369,51.3517282
primary,30,36136480,1.4059831,51.3482062
primary,30,983154278,1.4063851,51.3477277
primary,30,300714097,1.4054676,51.3487986
residential,30,308352065,1.4074824,51.3480552
residential,30,36136483,1.4098102,51.3429999
primary,30,10710076973,1.4101525,51.3427851
primary,30,1579312813,1.4089933,51.3438219
tertiary,30,36136484,1.4105009,51.3424891
tertiary,30,10570928539,1.4111642,51.3426451
primary,30,308325255,1.4106241,51.3423625
residential,30,9174587810,1.4098607,51.3419506
primary,30,36136486,1.4135321,51.3399808
primary,30,1779063397,1.413719,51.3398407
primary,30,1779063411,1.4130118,51.3403
residential,30,1779063449,1.4136084,51.3407411
primary,30,8225951263,1.4098697,51.3381814
primary,30,300613512,1.3995535,51.3352447
residential,20,36495465,1.391987,51.3429677
residential,20,36495207,1.3914511,51.3426184
residential,30,36495210,1.3987913,51.3443848
secondary,30,36495425,1.3988909,51.3436244
secondary,30,7936391461,1.3986949,51.3448535
residential,20,1579291597,1.3894736,51.3454334
primary,30,36495217,1.4056799,51.3381527
primary,30,36495335,1.4059029,51.3381833
tertiary,30,5391125360,1.405449,51.3378557
primary,30,1353693106,1.4047477,51.3379831
primary,30,36495225,1.4045088,51.3379498
primary,30,300400107,1.404592,51.3379609
primary,30,7019084240,1.4038282,51.3378064
cycleway,No data,300393969,1.3856412,51.3475218
tertiary,30,36495256,1.405509,51.3345596
tertiary,30,993495767,1.4053013,51.335247
tertiary,30,300398876,1.4059018,51.3336608
residential,30,300643018,1.406629,51.3356439
residential,20,8283855239,1.3926192,51.3426668
residential,20,6840791153,1.3922797,51.3424445
residential,20,6840791152,1.3922472,51.342803
residential,30,36495260,1.398581,51.3455427
secondary,30,300701451,1.3986616,51.34596
secondary,30,8283855169,1.3985804,51.3455005
residential,30,36495272,1.399716,51.3424872
residential,30,8283855215,1.3993602,51.3424008
secondary,30,6555896165,1.3999497,51.3422354
secondary,30,300701456,1.3994628,51.3426682
tertiary,30,36495274,1.3998965,51.3490222
tertiary,30,300716659,1.400078,51.3490244
secondary,30,8243320029,1.3997884,51.3488725
secondary,30,8283855338,1.4000181,51.3491909
residential,20,8283855337,1.3997264,51.3490204
residential,20,8236014163,1.3917862,51.345692
residential,20,8243084873,1.3859535,51.3473211
residential,20,300393976,1.3857509,51.3475032
residential,30,36495295,1.4053627,51.3375816
tertiary,30,300398872,1.4054536,51.3368267
residential,20,1353690999,1.3938917,51.345559
tertiary,30,36495298,1.4049678,51.335994
footway,30,300609250,1.4037329,51.3359945
tertiary,30,8397302277,1.4050939,51.3363567
service,No data,36495437,1.3876743,51.3447244
residential,20,36495307,1.3976439,51.3490196
residential,20,300394017,1.3969961,51.3489416
steps,No data,1353690917,1.3978153,51.3484684
residential,20,36495462,1.3983815,51.3490514
bridleway,No data,36495319,1.3989011,51.3407789
bridleway,No data,8283855225,1.3987431,51.3409838
residential,30,8283855223,1.4003779,51.3412263
residential,30,8283855227,1.3989881,51.3405718
residential,30,36495332,1.3994756,51.3484699
residential,30,1456560068,1.4007736,51.348086
secondary,30,300712962,1.3991485,51.3478275
primary,30,307487007,1.4072148,51.3382966
residential,30,8945328624,1.4063201,51.3398128
residential,30,36495350,1.3986626,51.344979
residential,20,36495353,1.3896213,51.3438305
residential,20,1579291583,1.3894961,51.3444078
tertiary,30,36495386,1.4063789,51.3326776
secondary,30,36495395,1.4007804,51.3413482
secondary,30,1335957988,1.4009872,51.3411228
secondary,30,300701447,1.4004173,51.3417445
residential,30,8283855229,1.4004128,51.3412368
bridleway,No data,36495402,1.3985878,51.3411852
bridleway,No data,8283855221,1.3984307,51.3413759
residential,30,8283855219,1.4000237,51.3416242
secondary,30,5391125384,1.4016064,51.3385104
secondary,30,6709987646,1.4020705,51.3387083
secondary,30,8329355282,1.4022076,51.3375945
secondary,30,300701450,1.3989426,51.3433967
residential,20,2311885718,1.391678,51.3460033
residential,20,10181633523,1.3983117,51.3488341
service,No data,8283841598,1.3981568,51.3492397
residential,20,300602560,1.3994083,51.3490676
residential,20,2019632368,1.3920594,51.3429201
service,No data,8306558548,1.3839865,51.3435541
secondary,30,177344832,1.3955713,51.3397209
secondary,30,300406978,1.3918537,51.3405368
secondary,30,300606743,1.3962016,51.3395791
secondary,30,177344835,1.4005073,51.3387102
secondary,30,5880227497,1.4006977,51.3386774
service,No data,300505239,1.4002926,51.3381755
secondary,30,300397308,1.399635,51.3388658
service,No data,364161656,1.4096409,51.327114
residential,30,245946320,1.393665,51.3324287
tertiary,30,245946323,1.3942483,51.3335873
tertiary,30,6715178176,1.392408,51.3316967
primary,30,245946331,1.3993201,51.3351478
primary,30,307487327,1.3981417,51.3345702
primary,30,6560992995,1.4005547,51.3363585
service,No data,256722162,1.429239,51.3456015
residential,30,256722164,1.4276996,51.3457393
residential,30,1579287273,1.4312173,51.3452628
cycleway,No data,300393970,1.3858759,51.3480345
footway,No data,1579295439,1.3859534,51.3480251
residential,20,8165774633,1.3857709,51.3475547
cycleway,No data,300393987,1.3919861,51.3486882
cycleway,No data,1353691056,1.3914201,51.3487347
cycleway,No data,300393999,1.3921999,51.34879
cycleway,No data,559461308,1.3920529,51.3495271
residential,20,1353690988,1.3913745,51.3486819
cycleway,No data,300393988,1.3922904,51.3487913
cycleway,No data,300394005,1.3946237,51.3489239
unclassified,5,300393998,1.3922068,51.3486904
residential,20,1353690838,1.3945765,51.348719
unclassified,5,1353690907,1.3921511,51.3495516
cycleway,No data,1353691035,1.3949343,51.3489282
steps,No data,1353690896,1.3971001,51.3484538
residential,20,300504955,1.3967553,51.3484958
residential,20,1353690842,1.3962653,51.3488627
residential,20,300394090,1.3956001,51.3484529
residential,20,8283841588,1.3959336,51.348824
residential,20,11324079896,1.3950398,51.3487244
residential,20,6990613284,1.3921481,51.3483646
residential,20,6990613485,1.3911473,51.3483333
residential,20,1336030680,1.3869368,51.3482263
residential,20,1336030842,1.3862593,51.347228
residential,20,1336030435,1.3866323,51.3473074
residential,20,1579291588,1.3894779,51.3446374
residential,20,1579291590,1.3894618,51.3448691
residential,20,300394055,1.3927025,51.3427024
residential,20,1353690923,1.3928245,51.3427552
bridleway,No data,1335958018,1.3975653,51.3419696
bridleway,No data,300394079,1.3982683,51.3415731
residential,30,8283855214,1.3996647,51.3420027
bridleway,No data,8283855217,1.3980083,51.3417492
residential,20,300404358,1.3921782,51.3481327
residential,20,300708682,1.3951675,51.3476011
residential,20,300504950,1.3957615,51.3478521
residential,20,300394089,1.3955833,51.3483216
secondary,30,7032833206,1.3983219,51.3391434
residential,30,983152484,1.4059394,51.3367519
tertiary,30,983153036,1.4051801,51.335515
tertiary,30,300398878,1.4059489,51.3335715
residential,30,8397376891,1.4064645,51.3341978
tertiary,30,1722029476,1.4073758,51.3338583
residential,30,7088031642,1.4034243,51.3309197
secondary,40,300398889,1.4037652,51.3292871
residential,30,1898384928,1.4045356,51.3386925
residential,20,300404355,1.3917656,51.3479664
residential,20,1353691009,1.3926982,51.3473452
residential,20,1353690883,1.3929027,51.3472547
residential,20,1353690933,1.3929271,51.3468013
residential,20,1353691050,1.3927138,51.3468852
residential,20,2311885720,1.3916585,51.3463288
residential,20,1336030669,1.3905841,51.346742
residential,20,1336030268,1.390772,51.3468495
residential,20,1336030781,1.3907388,51.3473206
residential,20,1336030606,1.3905527,51.347211
residential,20,300404349,1.3915062,51.3479516
footway,No data,300404360,1.3911389,51.3481205
residential,20,1336030737,1.3869287,51.3477354
residential,20,8283855322,1.3910895,51.3440225
residential,20,8283855321,1.3907567,51.3441009
secondary,30,6840794524,1.3912234,51.3406929
residential,20,8283855244,1.3921014,51.3413552
footway,30,300708664,1.3962266,51.3477308
residential,20,1353690963,1.3981453,51.3485959
residential,30,300505227,1.39988,51.3372127
residential,30,300505235,1.4001362,51.3379508
residential,30,1607646485,1.3932988,51.3350516
residential,30,644779917,1.3960854,51.3385105
residential,30,8860691514,1.3933519,51.3340666
residential,30,300505825,1.3893785,51.3350886
residential,30,8395584135,1.3884494,51.3353088
residential,30,8528963898,1.3859398,51.3358046
residential,30,5391125412,1.3836448,51.3362587
residential,30,300506499,1.3865621,51.3356778
footway,No data,8528963897,1.3865191,51.3355705
residential,30,8860691513,1.3910241,51.3346506
cycleway,No data,300602559,1.3993821,51.3491211
secondary,30,6840794521,1.3905852,51.3408346
secondary,30,1335994683,1.3902285,51.3408646
residential,10,300604494,1.3907408,51.3411356
residential,10,300604495,1.3907833,51.3412179
secondary,30,300604503,1.3898416,51.3408351
service,No data,6840794514,1.3897757,51.3407761
secondary,30,1335994715,1.3894002,51.3411953
secondary,30,1335994793,1.3903361,51.3409096
secondary,30,6915052855,1.3981843,51.3391695
primary,30,300609220,1.4018982,51.3372345
primary,30,6805497759,1.40162,51.3370084
primary,30,5391125369,1.40227,51.3375228
footway,No data,300609223,1.4023117,51.3367862
residential,30,300609229,1.4014783,51.3368955
residential,30,300609243,1.4037166,51.336461
residential,30,8442646190,1.4024856,51.3359427
residential,30,300612685,1.4020719,51.3350621
residential,30,300612666,1.4025001,51.3349969
residential,30,300612712,1.4038809,51.3347595
residential,30,300612725,1.4033322,51.3341184
residential,30,8219807177,1.4023358,51.3335894
residential,30,7088031644,1.4019514,51.3329
residential,30,1212961333,1.4039459,51.3344806
footway,30,8397320056,1.4034962,51.333196
trunk,40,1200009545,1.3896413,51.334245
service,No data,1336038532,1.3900959,51.3338098
tertiary,30,300616698,1.3922533,51.3315807
footway,No data,8946356587,1.4089374,51.3282792
service,No data,300628217,1.3999697,51.3262363
trunk,30,364161671,1.3890007,51.3298156
trunk,30,1540954011,1.4021968,51.3262067
cycleway,No data,300628470,1.3973126,51.3266073
cycleway,No data,1094279972,1.3980116,51.3266004
tertiary,30,300629692,1.3949093,51.3278997
tertiary,30,7104114078,1.3953443,51.3280042
tertiary,30,300629693,1.3948396,51.327878
tertiary,30,1094280012,1.3945407,51.3278062
residential,30,8395514041,1.3923725,51.3276585
residential,30,300631851,1.3929132,51.3275963
residential,30,300631855,1.3928141,51.3273025
footway,30,300631859,1.3934271,51.3291006
tertiary,30,7281952744,1.3932463,51.3274338
residential,30,300631870,1.3938264,51.3301915
footway,30,300631875,1.3943244,51.3290552
residential,30,2280119168,1.3942444,51.3301114
residential,30,7104114064,1.3955739,51.3298265
residential,30,4713180790,1.3935834,51.3308214
tertiary,30,300636441,1.4019258,51.3295396
residential,30,300642990,1.4060941,51.3367277
residential,30,300697432,1.4082698,51.336396
residential,30,300642996,1.4095549,51.3359999
residential,30,300643019,1.4075688,51.3353512
tertiary,30,11553956452,1.4099769,51.3363065
residential,30,300643022,1.409269,51.3345491
residential,30,300644568,1.4099584,51.3339499
residential,30,7930876081,1.4116734,51.3352864
residential,30,300643002,1.4131464,51.334774
residential,30,300643003,1.4131655,51.3347546
unclassified,30,300925065,1.4135651,51.3351191
footway,No data,300925096,1.4137621,51.3344359
footway,No data,300652650,1.4115775,51.3336125
residential,30,300925113,1.4140856,51.333707
residential,30,1722029445,1.413959,51.3333809
residential,30,300925111,1.4148196,51.3335386
residential,30,1722029434,1.4144628,51.3330651
residential,30,7956612647,1.4151248,51.3328238
residential,30,1722029461,1.4085396,51.3335611
tertiary,30,300643025,1.410595,51.3329485
tertiary,30,300643026,1.410822,51.3326185
tertiary,30,1722029481,1.4099805,51.3339083
residential,30,1722029442,1.4110951,51.3332661
tertiary,30,300643027,1.41122,51.3319728
tertiary,30,300643028,1.4114647,51.3315852
tertiary,30,300693159,1.4128121,51.3314193
tertiary,30,7130398755,1.4110185,51.3309338
tertiary,30,7130398753,1.4122157,51.3307006
residential,30,1722029475,1.4096015,51.3337771
residential,30,7956612641,1.4095405,51.3326224
residential,30,300649149,1.4087806,51.3317451
steps,30,1722029399,1.4101005,51.3316864
tertiary,30,8343485875,1.4105407,51.3308003
secondary,30,9102010197,1.410204,51.3286645
tertiary,30,300936191,1.4133412,51.3315678
tertiary,30,1779062952,1.4099667,51.3381158
footway,No data,8929235897,1.407097,51.3375034
footway,No data,300697409,1.4074439,51.3370422
footway,No data,300697338,1.4082389,51.3379324
footway,No data,300697301,1.4083893,51.3380245
footway,No data,300697302,1.4081689,51.3380533
steps,No data,8225948197,1.4082904,51.3379392
path,No data,8929235901,1.4077499,51.3367604
footway,No data,300708660,1.3963064,51.3477003
footway,No data,300708662,1.396882,51.3475074
footway,No data,300708663,1.3974669,51.3473159
footway,No data,300699003,1.3991019,51.3476363
footway,No data,300708679,1.3981357,51.3475062
secondary,30,300701454,1.3989113,51.3468971
residential,30,8945328625,1.406438,51.3401718
footway,No data,4567742129,1.4017102,51.3401606
steps,No data,300700020,1.4016555,51.3401549
steps,No data,1335957979,1.401527,51.3401395
residential,30,8283855222,1.4000728,51.3416392
secondary,30,300701449,1.4000628,51.3421252
residential,30,8283855218,1.399726,51.3420216
secondary,30,8945114283,1.3989969,51.3432028
secondary,30,300701453,1.3987044,51.3461378
residential,30,300712967,1.3983511,51.3460316
secondary,30,8226241523,1.3987747,51.3463957
secondary,30,300708689,1.3988127,51.346535
residential,30,7936391459,1.3979434,51.3471625
secondary,30,8395594364,1.3993563,51.3427064
residential,30,8945114275,1.4001581,51.3428585
residential,30,1335957928,1.3975933,51.3419929
residential,30,300701466,1.3977691,51.3419163
track,No data,8283855209,1.3984728,51.3423469
residential,30,300708667,1.3963381,51.3476882
residential,30,300708675,1.3964377,51.3476525
residential,30,300708670,1.3970356,51.3474571
residential,30,300708671,1.3976201,51.3472633
secondary,30,8283855198,1.3987883,51.3464457
residential,30,1335957997,1.398238,51.3460621
service,30,300712969,1.3979274,51.3461458
residential,30,300712972,1.3977252,51.3462003
footway,No data,300712980,1.3971045,51.3462793
residential,20,1353691010,1.3968378,51.3465866
residential,20,300713025,1.3960104,51.3463312
secondary,30,300714086,1.4003561,51.3497073
secondary,30,307458809,1.4003034,51.3496256
secondary,30,8208074351,1.4005423,51.3499956
secondary,30,300714089,1.4006561,51.350172
residential,30,300717404,1.4018502,51.3498376
secondary,30,307458813,1.4013435,51.3512609
primary,30,300714090,1.4022123,51.3524875
primary,30,983157185,1.402078,51.3526206
tertiary,30,7278650081,1.4025673,51.3528121
secondary,30,938283853,1.4015994,51.3516634
primary,30,300714092,1.403194,51.3513914
primary,30,313876733,1.4035034,51.3510269
primary,30,300714094,1.403667,51.3508475
residential,30,300716712,1.4027978,51.3498513
primary,30,300714095,1.40417,51.3502694
tertiary,30,8557737612,1.4045937,51.3504683
tertiary,30,300716669,1.4037813,51.3500694
residential,30,8283855352,1.4042812,51.3481294
primary,30,300714099,1.4075594,51.34624
primary,30,308282955,1.4078736,51.3458394
primary,30,2005380006,1.4069216,51.3470728
residential,30,1772869563,1.4059508,51.3459913
tertiary,30,300716663,1.4010428,51.3491401
footway,No data,8243320053,1.4001539,51.3491267
residential,30,300716697,1.4010848,51.3490843
tertiary,30,300716666,1.4025234,51.3495302
footway,No data,1772852194,1.4025732,51.3494793
footway,No data,1772852196,1.4024748,51.3495765
tertiary,30,300716709,1.4029222,51.3496892
tertiary,30,300716668,1.4032229,51.3498112
tertiary,30,1772852203,1.4033878,51.34989
residential,30,300716703,1.4032632,51.349768
tertiary,30,300716695,1.4035993,51.3499862
cycleway,No data,1772852202,1.4034389,51.3498452
residential,30,8243288208,1.4014158,51.3487527
residential,30,300716690,1.4028732,51.3497351
cycleway,No data,1772852204,1.403346,51.3499266
cycleway,No data,1772845088,1.4025176,51.349593
cycleway,No data,1772852185,1.4013885,51.3491188
residential,30,8243288212,1.4011636,51.3489859
cycleway,No data,300716698,1.4017337,51.3492284
cycleway,No data,8243320043,1.4019074,51.3492798
cycleway,No data,8243320041,1.4015433,51.3491679
cycleway,No data,300716702,1.4029583,51.3496389
cycleway,No data,8243320049,1.4027771,51.3495621
cycleway,No data,8243288191,1.4031281,51.3497109
steps,No data,8243320050,1.402988,51.3496124
residential,30,1772845098,1.4019792,51.3510329
residential,30,8283855358,1.4028514,51.3478898
residential,30,8283855350,1.4034178,51.3483853
residential,30,300719135,1.405646,51.3454228
residential,30,8283855362,1.4055366,51.3454422
residential,30,8283855368,1.4051336,51.3451283
residential,30,8231697298,1.4052482,51.3464135
residential,30,1772869582,1.404406,51.3474352
residential,30,300721118,1.406727,51.3404915
service,5,5795604199,1.4066018,51.3405489
residential,30,8283855323,1.4019885,51.3441173
residential,30,8283855328,1.4030056,51.3435783
residential,30,8945114295,1.4002676,51.3428821
residential,30,300796177,1.4030897,51.3436252
residential,30,8080057385,1.4031813,51.3436776
footway,No data,300796207,1.403452,51.3430525
residential,30,300796181,1.4040375,51.3439104
residential,30,8609381405,1.4047804,51.3428271
residential,30,6482038687,1.4050971,51.3441381
residential,30,8226110208,1.4061969,51.3439016
residential,30,300796198,1.4087036,51.3443745
residential,30,300796217,1.4037388,51.342908
residential,30,300796852,1.4063807,51.3435641
residential,30,8205240121,1.4066643,51.3433235
tertiary,30,9000156691,1.4103952,51.3366104
tertiary,30,983150882,1.412575,51.3372594
residential,30,300799269,1.4126739,51.3375963
tertiary,30,300919946,1.4140126,51.3368397
tertiary,30,7930876082,1.4127637,51.3371927
service,30,300918705,1.415342,51.337752
service,No data,8225990345,1.4139453,51.3367886
tertiary,30,300925060,1.4151637,51.33632
service,No data,10124186687,1.4133324,51.3352083
unclassified,30,300925084,1.4159487,51.3355202
unclassified,30,300925086,1.4156561,51.3353199
unclassified,30,8336683538,1.4154115,51.3351637
unclassified,30,300925088,1.4139811,51.3342682
unclassified,30,300925090,1.4135843,51.3340944
residential,30,300925125,1.4154113,51.3338143
pedestrian,30,4567898741,1.4198249,51.3333163
footway,No data,4567898739,1.4195834,51.3331713
pedestrian,30,29028726,1.4186512,51.3331529
service,30,300933615,1.4162603,51.3320227
tertiary,30,300933589,1.4165279,51.3323737
residential,30,8397373681,1.4177485,51.3317559
residential,30,3008629929,1.4168779,51.3320164
residential,30,300933594,1.4179312,51.3315659
steps,30,300935058,1.4188305,51.3320297
residential,30,1765206600,1.4165513,51.3318093
residential,30,300933608,1.4157928,51.3314937
residential,30,8397380123,1.4146228,51.3312669
residential,30,3008629931,1.4171579,51.3312451
residential,30,300933607,1.4161428,51.3315662
residential,30,300933614,1.4165616,51.3310899
residential,30,8397385478,1.4169105,51.3304805
residential,30,8397380124,1.415424,51.3305313
residential,30,300933632,1.4154348,51.32996
residential,30,8397380122,1.4151401,51.330792
residential,30,1765206596,1.4144008,51.3305361
residential,30,300939642,1.4138303,51.330667
residential,30,300933639,1.4139288,51.3314112
residential,30,300933640,1.4136586,51.3316712
residential,30,300933646,1.4137864,51.3292204
residential,30,9102010131,1.413664,51.3293931
residential,30,9102010152,1.4135488,51.3300584
residential,30,9102010149,1.4143069,51.3302331
residential,30,300938235,1.4129434,51.3298066
tertiary,30,29028402,1.4132526,51.3293692
tertiary,30,300938236,1.4126207,51.3302552
residential,30,300939643,1.4130759,51.3304269
residential,30,300938237,1.4124541,51.3304534
residential,30,300939640,1.4141038,51.3304253
residential,30,1779062798,1.4188983,51.3362672
residential,30,300944357,1.4206292,51.3380847
residential,30,8467164903,1.420152,51.3375552
primary,30,1779062946,1.4198469,51.3380904
primary,30,5666657967,1.4209402,51.3380614
residential,30,300945876,1.4163207,51.338283
primary,30,308282942,1.4169649,51.3382838
footway,No data,307449022,1.421335,51.3497203
bridleway,No data,307449033,1.4211905,51.3476209
residential,30,307454601,1.4217666,51.3473863
residential,30,307454488,1.4235186,51.3463459
footway,No data,307621413,1.4209797,51.3463391
residential,30,307454577,1.4244652,51.3470133
footway,No data,307454582,1.4241528,51.3474305
tertiary,20,307454636,1.4210947,51.3465632
tertiary,20,307454604,1.4196938,51.3439052
tertiary,20,8205702736,1.4206517,51.3457817
tertiary,20,307454618,1.4185741,51.3434397
footway,No data,307456421,1.4193757,51.3426326
tertiary,20,307454620,1.4184119,51.3432838
tertiary,30,308318442,1.4179143,51.3433652
residential,30,308318448,1.4189879,51.3429708
tertiary,20,1773625603,1.4210517,51.3464871
residential,30,307461961,1.4186964,51.3467442
residential,30,307454644,1.4270806,51.3455257
residential,30,307454687,1.4261895,51.3455207
steps,No data,1579287291,1.4259217,51.3458348
tertiary,30,307456274,1.4161367,51.3435704
tertiary,30,1341068153,1.416599,51.3434939
tertiary,30,1772869522,1.414118,51.3433771
tertiary,30,307456285,1.4122209,51.3428935
tertiary,30,1341068249,1.4140518,51.3433598
residential,30,1779063569,1.4120977,51.3431328
residential,30,308318431,1.4207067,51.342184
service,30,307456862,1.412769,51.3434092
footway,No data,307458810,1.3984348,51.3520902
service,No data,307458877,1.398576,51.3520916
secondary,30,1772845099,1.4013889,51.3513128
residential,20,8403345581,1.4002564,51.3515319
residential,20,1772845100,1.3993919,51.3519847
residential,20,1772845102,1.400464,51.3521236
residential,20,307458819,1.3993196,51.352025
residential,20,8177115054,1.3991979,51.3521883
residential,20,8177115028,1.3983164,51.3533279
residential,20,307458871,1.3986381,51.3532255
residential,20,1772845106,1.3989134,51.3525474
residential,20,8279400295,1.3978544,51.353935
residential,20,8226357825,1.3984958,51.3539205
residential,20,307458827,1.3980538,51.3544763
footway,20,307458836,1.3978398,51.355733
residential,20,1772845125,1.3996062,51.3552601
primary,30,307458832,1.3997174,51.3552624
primary,30,1772845128,1.3996944,51.3552883
primary,30,313875646,1.4009377,51.3538906
residential,20,307458864,1.4001038,51.3533836
footway,20,307458867,1.4010106,51.3537998
primary,30,6533867840,1.4012999,51.3534759
residential,20,307626545,1.3993181,51.3530012
service,No data,8177115055,1.3988185,51.3520891
path,No data,8279400302,1.397145,51.3537596
residential,20,307458890,1.4011016,51.3528124
service,No data,4570222183,1.4010753,51.3528418
residential,20,983157190,1.4016723,51.3526357
footway,No data,307461871,1.4170938,51.3502857
footway,20,307461983,1.4205729,51.3495032
service,30,307461888,1.4181455,51.3499139
footway,No data,307461916,1.4169658,51.3485673
residential,30,307461928,1.4178326,51.3483717
residential,30,307461938,1.4193196,51.3480892
residential,30,1773625669,1.4199554,51.3479539
residential,20,1773625761,1.4194283,51.3482879
residential,30,1773625549,1.4170767,51.3461802
tertiary,30,307469151,1.4047185,51.3505314
tertiary,30,8231827832,1.4046903,51.350518
tertiary,30,8231827828,1.4050269,51.350678
cycleway,No data,307469299,1.406765,51.3515876
residential,30,307469155,1.4058383,51.3510356
residential,30,308282966,1.4058799,51.3509912
tertiary,30,307469157,1.4068374,51.3515365
tertiary,30,1772952252,1.4079465,51.3520709
cycleway,No data,8231821795,1.4080082,51.3521772
residential,30,307469304,1.4050692,51.3506353
residential,30,8557737541,1.4052828,51.350392
cycleway,No data,8231866427,1.4107153,51.3517552
residential,30,6534051822,1.4090799,51.3412969
residential,30,307486980,1.4075463,51.3411121
residential,30,6077746115,1.4102986,51.3411944
residential,30,10123971934,1.4094533,51.3416002
residential,30,11058063213,1.4111322,51.3402869
residential,30,10577376675,1.4116664,51.3406955
residential,30,307486990,1.4080645,51.3399118
residential,30,8929235916,1.4081504,51.340067
residential,30,307487005,1.4097869,51.3381691
residential,30,307487002,1.4120473,51.3409953
primary,30,10577019918,1.4117985,51.3412233
primary,30,559461449,1.4084771,51.3383689
residential,30,5666658007,1.4205992,51.3373516
footway,No data,5666658003,1.4209714,51.3372118
residential,30,308282931,1.4215507,51.3379684
residential,30,6715740554,1.4218895,51.3370262
residential,30,8975293930,1.4225336,51.3370163
unclassified,30,307493590,1.4218261,51.3363064
primary,30,308282922,1.4238963,51.3386042
residential,30,8226328858,1.4246418,51.3387847
secondary,30,1779290255,1.4242771,51.3372088
service,No data,308275070,1.4118392,51.3502486
track,No data,8421311899,1.4116082,51.3486006
primary,30,308282899,1.4269607,51.3428312
primary,30,8165001728,1.4269526,51.3427537
residential,30,1607681890,1.426522,51.3429065
primary,30,308282903,1.4268695,51.3419009
primary,30,1607681884,1.4269057,51.3422854
primary,30,308282905,1.4268507,51.3417367
residential,30,1607681879,1.4264477,51.3418042
residential,30,1607681830,1.4262026,51.3412879
residential,30,308282909,1.425637,51.3400528
residential,30,1607681746,1.4249843,51.3403238
primary,30,10571439940,1.4250539,51.3395147
residential,30,308313090,1.4265045,51.3402522
residential,30,8226328859,1.4242068,51.3384564
residential,30,308296367,1.4235608,51.3386902
primary,30,8397408666,1.4220875,51.3378965
tertiary,30,8210223490,1.4218124,51.3383335
primary,30,308282933,1.4193623,51.3380985
primary,30,308282935,1.4184857,51.3381863
residential,30,1779063027,1.419477,51.3383153
residential,30,1779063059,1.4185767,51.3384035
primary,30,308325264,1.417782,51.3382874
footway,No data,308325263,1.4171678,51.3384954
residential,30,308315444,1.4160354,51.3385947
service,30,1779063468,1.4142895,51.3408727
residential,30,1779063347,1.4144162,51.3393073
primary,30,308282952,1.411424,51.3415912
residential,30,308329885,1.4132761,51.3411567
residential,30,8557720856,1.4085238,51.3469084
primary,30,308282960,1.4066732,51.3473713
primary,30,1772869584,1.4065736,51.3474945
cycleway,No data,308282962,1.4079501,51.3520254
cycleway,No data,308352179,1.4079904,51.3520403
residential,30,308352102,1.4065214,51.3505147
footway,No data,308296365,1.422769,51.3379156
footway,No data,308296368,1.4230679,51.3388868
residential,30,1779063301,1.4224678,51.3391143
tertiary,30,308296372,1.4221677,51.3387529
tertiary,30,308296375,1.4223063,51.3389226
tertiary,30,9385929447,1.4219494,51.3390458
residential,30,1779290284,1.4233598,51.3391233
residential,30,1779290289,1.4236599,51.3398829
footway,No data,308301521,1.4313626,51.3406706
residential,30,308301503,1.4303474,51.3397385
residential,30,308313057,1.4294018,51.3413986
residential,30,308313056,1.4297876,51.3417266
steps,30,1883758034,1.4311276,51.3407733
residential,30,308311253,1.4303275,51.3432296
footway,30,308311318,1.4291943,51.3430945
residential,30,1579287257,1.4304474,51.3436232
residential,30,308311261,1.430586,51.3440195
residential,30,1579287262,1.4294094,51.3439234
footway,30,308315459,1.4288869,51.3419226
footway,30,308313065,1.4295226,51.3400422
footway,No data,308313067,1.4281632,51.3405748
path,No data,308313079,1.4275526,51.3404782
residential,30,6915575680,1.4278215,51.3393468
footway,No data,308315450,1.4164014,51.3399057
footway,30,308326466,1.416526,51.3401181
residential,30,308315461,1.4283084,51.3415422
residential,30,308315460,1.4287413,51.3417823
residential,30,308318407,1.4243329,51.3410653
footway,30,1607681752,1.424416,51.3405476
residential,30,308318422,1.4221916,51.3416689
residential,30,1607681831,1.4246981,51.3412952
residential,30,1779063501,1.4220696,51.3417048
residential,30,308318428,1.4216036,51.3418672
service,No data,1773625473,1.4210241,51.34278
residential,30,1779063507,1.418242,51.3419005
residential,30,1341068015,1.4171882,51.3416199
residential,30,308318459,1.4168108,51.3407467
residential,30,1779063420,1.4166488,51.3403692
tertiary,30,308325089,1.4185677,51.3404644
tertiary,30,308325233,1.4156319,51.3409697
residential,30,1779063499,1.4185836,51.3415256
tertiary,30,8975205268,1.4194798,51.340045
residential,30,308325157,1.4215895,51.3411986
residential,30,1779063452,1.4220496,51.3407557
residential,30,8975205256,1.4228537,51.3405234
residential,30,308325178,1.422877,51.3404934
residential,30,8975205262,1.4229427,51.3403565
residential,30,1779063406,1.4214166,51.3401185
residential,30,8397399168,1.4217882,51.3404745
residential,30,8397399166,1.4221912,51.3400288
residential,30,1779063416,1.4197877,51.3402784
residential,30,308325214,1.421037,51.3397294
residential,30,1779063404,1.4212824,51.3399903
residential,30,1779063354,1.4223776,51.3394196
residential,30,308325217,1.4205019,51.3396121
tertiary,30,1779063368,1.4200842,51.3397915
tertiary,30,1779063355,1.4209116,51.3394546
residential,30,8397399164,1.4228084,51.3397645
tertiary,30,1779063491,1.4151415,51.341071
residential,30,1779063450,1.4155434,51.3407486
tertiary,30,308325241,1.4144547,51.3412861
tertiary,30,8528974313,1.4144166,51.3412981
tertiary,30,308325247,1.4138668,51.3414712
residential,30,1779063038,1.4194901,51.3383326
residential,30,1779063345,1.4197023,51.3392611
residential,30,1779063359,1.4180372,51.3396715
residential,30,1779063061,1.4174829,51.3384073
residential,30,7518221701,1.4176225,51.3390957
residential,30,308335454,1.4249851,51.3415756
residential,30,1607681833,1.426146,51.3413008
service,30,1607681881,1.4245424,51.3419055
footway,No data,308335467,1.4246363,51.3421433
residential,30,1607681880,1.4263343,51.3418259
footway,No data,308335470,1.4248405,51.3426353
residential,30,1607681885,1.4265131,51.3423502
residential,30,308335475,1.425039,51.3431622
residential,30,1607681892,1.4258828,51.3430197
residential,30,308335480,1.4252395,51.343671
residential,30,8975074530,1.4263115,51.3434806
residential,30,308344917,1.4099847,51.3462035
track,No data,308344928,1.4100596,51.3462821
cycleway,10,1459811837,1.4114052,51.348636
footway,No data,308352077,1.4079887,51.3483511
residential,30,6805191015,1.4077281,51.3485483
residential,30,8557726086,1.4080761,51.3482859
residential,30,308352133,1.4074912,51.3508674
cycleway,No data,7287737525,1.4092002,51.3524794
primary,30,313875602,1.3991748,51.3558566
primary,30,8279478276,1.3993633,51.3556504
primary,30,1810055791,1.3987039,51.3563692
residential,30,313875655,1.4035571,51.3543649
residential,30,6802168522,1.4023801,51.3556875
tertiary,30,8204725093,1.4035128,51.3541966
tertiary,30,6911898361,1.4036174,51.3549646
tertiary,30,313876600,1.4034002,51.3538883
tertiary,30,313876602,1.4035678,51.3551463
tertiary,30,8251728012,1.4035557,51.3551865
residential,30,8231821808,1.4066765,51.353337
residential,30,6912178909,1.4052199,51.3531316
tertiary,30,313876636,1.4080739,51.3521186
tertiary,30,7287737524,1.4091656,51.3525022
residential,30,313879382,1.4048431,51.3548519
residential,30,313879383,1.405595,51.354727
footway,No data,336124553,1.3904504,51.3530751
service,No data,336124556,1.3927013,51.3607212
service,No data,336131781,1.3926639,51.3606328
cycleway,No data,336131782,1.3924944,51.3605643
service,No data,1810891593,1.392383,51.3605822
cycleway,No data,336131789,1.3903217,51.3592785
cycleway,No data,8242769782,1.3901988,51.359519
footway,No data,2046481064,1.3904938,51.3591564
primary,40,3052118532,1.3904639,51.3597396
primary,40,336131886,1.3889392,51.3578188
primary,40,336355623,1.3903763,51.3568133
footway,No data,336131891,1.3908557,51.3565395
footway,No data,336137575,1.3907809,51.3564944
footway,No data,336372801,1.3909416,51.3565902
primary,40,336372770,1.3910391,51.3564266
primary,40,336131917,1.3925116,51.3555156
primary,40,3695842193,1.3929361,51.3553473
primary,40,336131931,1.3925023,51.3550994
primary,40,336131918,1.3924228,51.3554593
cycleway,No data,336138018,1.3925535,51.3555631
unclassified,40,336131927,1.3930951,51.3552192
footway,No data,336131929,1.393016,51.3551538
unclassified,40,336131908,1.3928389,51.3551863
footway,No data,3935581790,1.3929905,51.3550894
cycleway,No data,336131933,1.3924059,51.3551677
primary,40,336137622,1.3907173,51.353715
primary,40,336137631,1.3900334,51.3525232
primary,40,336131946,1.3895586,51.3517124
cycleway,No data,336131965,1.3894553,51.3517342
unclassified,No data,336131947,1.3896385,51.351506
unclassified,No data,336137709,1.3897949,51.3514166
primary,40,336137773,1.3893075,51.3512401
primary,40,336131955,1.3891541,51.3514685
residential,No data,336137609,1.3890256,51.3515464
cycleway,No data,336137562,1.3899031,51.3559964
footway,No data,336355638,1.3898809,51.3559339
cycleway,No data,336137591,1.3907079,51.3539193
cycleway,No data,336137592,1.3906516,51.3538373
service,No data,336131940,1.3908944,51.3539587
cycleway,No data,336137608,1.3890769,51.3516117
residential,No data,336131957,1.3892313,51.3515911
cycleway,No data,336137771,1.3891965,51.3512686
cycleway,No data,336205291,1.3873243,51.3497792
service,No data,336137984,1.3901216,51.3524031
cycleway,No data,336137635,1.3910585,51.3507789
cycleway,No data,336137637,1.3909947,51.3507558
unclassified,5,7983476214,1.3910686,51.3506662
cycleway,No data,8375598558,1.3904128,51.3511118
cycleway,No data,8901067734,1.391281,51.3502993
cycleway,No data,336137713,1.3897515,51.3513587
unclassified,No data,4413673676,1.3895588,51.3513646
primary,40,336137875,1.3881786,51.3502609
primary,40,336137895,1.3866685,51.3491954
cycleway,No data,336137863,1.3882108,51.3501545
cycleway,No data,336137817,1.3891027,51.3497911
cycleway,No data,336137819,1.3891671,51.3497536
cycleway,No data,8375598615,1.3894564,51.349479
footway,No data,8375598544,1.3892678,51.3497885
cycleway,No data,5385384333,1.3890014,51.3494982
cycleway,No data,8529388403,1.3886154,51.3497337
cycleway,No data,336137862,1.3881169,51.3500783
cycleway,No data,4644007534,1.3872559,51.349564
cycleway,No data,8529388404,1.3885481,51.3497742
unclassified,No data,336137878,1.3879278,51.3500783
unclassified,No data,336137868,1.3891204,51.3495882
unclassified,No data,336137869,1.389501,51.3493805
service,No data,10731219343,1.3895187,51.3492788
unclassified,No data,336137880,1.3887223,51.3498048
cycleway,No data,8239168894,1.3891171,51.3487129
cycleway,No data,336137912,1.3865599,51.3492314
tertiary,30,336137902,1.3862296,51.3489632
tertiary,30,336137917,1.3861147,51.3490899
tertiary,30,559461277,1.38619,51.3491484
tertiary,30,559461275,1.386057,51.3493571
primary,40,336388153,1.3859522,51.348602
cycleway,No data,336137983,1.3900787,51.3523312
service,No data,336131944,1.3898966,51.3522786
cycleway,No data,5258670052,1.3915123,51.3564645
cycleway,No data,336372775,1.3913874,51.3564479
footway,No data,4065969889,1.3861375,51.3504736
unclassified,No data,2000310427,1.390181,51.3566978
unclassified,No data,2000310428,1.3900875,51.3567478
unclassified,No data,7998537363,1.3896006,51.3559925
footway,No data,8243085005,1.3899882,51.3557756
unclassified,No data,8184737876,1.3896696,51.3564369
service,No data,336355658,1.3894195,51.3565007
unclassified,No data,336355663,1.3888014,51.3566258
service,5,5319146008,1.3890661,51.3570893
service,No data,336131798,1.3900064,51.3592087
cycleway,No data,8184737896,1.389114,51.3580672
unclassified,No data,336372810,1.3920762,51.3571826
unclassified,No data,336372779,1.3912996,51.3564959
unclassified,No data,336372765,1.3913583,51.3562501
cycleway,No data,4570225340,1.3918445,51.3570329
cycleway,No data,8243084928,1.3891401,51.3578488
unclassified,No data,1801885861,1.3921604,51.3572986
cycleway,No data,5258670053,1.3920127,51.3569394
service,5,336372832,1.3926388,51.3580731
footway,No data,8200137690,1.392564,51.358026
service,5,336372888,1.392264,51.3579983
unclassified,30,336388179,1.3860536,51.3486993
trunk,30,1540956210,1.407901,51.326949
trunk,30,364161650,1.4096671,51.3273185
service,No data,5344070115,1.410134,51.3273292
trunk,30,8975023183,1.3891819,51.3312121
service,No data,11384239132,1.3889828,51.330707
tertiary,30,4065399034,1.3863389,51.3491193
service,No data,559461288,1.3916024,51.3499125
service,No data,559461290,1.3916843,51.3499384
cycleway,No data,8901067622,1.3916387,51.349868
cycleway,No data,8901067735,1.3915569,51.349961
unclassified,5,559461389,1.3913583,51.3503238
service,No data,8901067617,1.3912353,51.349854
service,No data,8901067618,1.3913128,51.3497599
service,5,559461301,1.3921267,51.3497022
service,5,559461304,1.3922797,51.3496683
service,5,559461322,1.3933493,51.3498729
service,No data,1200010137,1.3948642,51.3498614
unclassified,5,7983476220,1.3912759,51.3504211
steps,No data,559461438,1.4167548,51.329759
service,10,11383833491,1.4193808,51.3301009
pedestrian,No data,559461495,1.4223965,51.3318941
pedestrian,No data,8525187343,1.4221727,51.331487
service,No data,2046481023,1.3902757,51.3585236
footway,No data,703076303,1.4067229,51.3409426
residential,30,983157188,1.4010073,51.3518063
residential,No data,956788635,1.388466,51.3417546
residential,No data,956788648,1.3885321,51.3418089
secondary,30,1335994740,1.3891185,51.3414074
secondary,30,956788636,1.3879799,51.3420148
secondary,30,1335994628,1.3874746,51.342277
living_street,No data,1024770471,1.3886577,51.3425002
living_street,No data,10054632976,1.3889281,51.342115
cycleway,No data,1897130458,1.3893622,51.3413492
residential,30,11109096010,1.4171377,51.333462
unclassified,30,983149042,1.4223358,51.3372957
footway,No data,7093547197,1.422692,51.337819
footway,30,8465045570,1.4218869,51.3373913
primary,30,8231768316,1.4018985,51.3528164
unclassified,30,998165093,1.3904142,51.3278329
unclassified,30,10571472834,1.388407,51.3277304
footway,No data,10304867303,1.3905102,51.3281914
living_street,30,8283855276,1.3911369,51.3420257
living_street,30,1897130474,1.3906215,51.3422809
living_street,No data,8283855268,1.3898349,51.3421592
living_street,No data,5391125408,1.3890395,51.3427645
living_street,No data,1897130467,1.3900144,51.3418418
service,No data,1024775075,1.4217679,51.3374499
residential,No data,8199430633,1.4219017,51.3374128
service,No data,1094279944,1.3805987,51.3298065
cycleway,No data,1336927924,1.398157,51.3266008
footway,No data,1336927803,1.3980704,51.3270179
footway,No data,8975017083,1.3958394,51.32696
cycleway,No data,1540955325,1.4001948,51.3266077
pedestrian,No data,8975293929,1.4228977,51.3369371
service,No data,1200012158,1.4214999,51.3364228
tertiary,40,1601422432,1.3796268,51.3328463
secondary,30,1335957913,1.4013576,51.3404788
secondary,30,1335957966,1.4014217,51.340133
service,No data,4975743406,1.4007641,51.3403822
secondary,30,1579309185,1.4018617,51.3394092
footway,No data,1335994790,1.3894658,51.3412276
footway,No data,1335994733,1.3895015,51.3412461
residential,30,1540957410,1.4043971,51.3275264
footway,No data,1336927874,1.4001581,51.3266064
service,No data,1336927816,1.4021873,51.3282147
residential,No data,1336927842,1.4022692,51.3281814
service,No data,300398894,1.4068945,51.3296854
service,No data,1336927829,1.4021057,51.328161
cycleway,No data,1336927881,1.4066016,51.3271278
cycleway,No data,1540956118,1.4044918,51.3268823
tertiary,30,1579312442,1.4079662,51.3300321
residential,20,5391125389,1.3961587,51.3488503
service,No data,1353690913,1.3962158,51.3490384
residential,20,8283841590,1.3982576,51.3487662
cycleway,No data,10731219328,1.3900374,51.3487216
footway,No data,4642522291,1.3924331,51.3435539
footway,No data,1353693121,1.4019481,51.339124
secondary,30,6709987632,1.4018861,51.3393442
footway,No data,11383833490,1.4195946,51.3302126
service,10,1772869617,1.4104334,51.3490835
secondary,30,4567898657,1.4223419,51.3324383
pedestrian,No data,11383833430,1.4253177,51.3330634
service,No data,1519570225,1.4302244,51.3366024
service,No data,11383833421,1.4306997,51.3369161
service,No data,1519570302,1.4312033,51.3372484
footway,No data,1519570389,1.4331358,51.3388335
footway,No data,11383833396,1.4337553,51.3397368
steps,No data,1519570418,1.4328965,51.3388558
trunk,30,1541117260,1.4048543,51.3264761
footway,No data,1540955668,1.4021435,51.3266921
footway,No data,1540956324,1.4077435,51.3269928
footway,No data,1540956116,1.4044042,51.3268729
cycleway,No data,8860759804,1.4026245,51.3267213
cycleway,No data,1540956053,1.4043474,51.3268668
cycleway,No data,1540971532,1.4028336,51.326734
trunk,30,11384237054,1.4063832,51.3267212
footway,No data,11383833522,1.4074169,51.3267735
path,No data,1540956363,1.4079266,51.3270236
path,No data,1540957118,1.4092874,51.3273205
residential,30,8773456860,1.4027749,51.327381
trunk,30,11384237050,1.4061095,51.3266702
steps,No data,1566288883,1.4318935,51.3383378
residential,20,7764647482,1.3941024,51.3437975
residential,20,1579291208,1.3919075,51.3456864
residential,20,2311885719,1.3919272,51.3460102
residential,30,8283855236,1.4000766,51.3406384
service,No data,1579313191,1.4085419,51.3436914
primary,40,1607646426,1.3930763,51.3340702
primary,40,1607646428,1.3921008,51.3343114
primary,40,1607646439,1.3917172,51.3343581
primary,40,423446,1.3902893,51.3342962
trunk,40,1607646487,1.3882154,51.3352354
trunk,40,7189333041,1.3874941,51.335396
residential,30,1607681748,1.4246848,51.3404451
primary,30,6738047901,1.4269164,51.3424496
residential,30,1607681891,1.4264824,51.3429133
service,No data,1619141029,1.3862608,51.3520223
service,5,1619141054,1.3878085,51.3567087
tertiary,40,4570259829,1.3886201,51.3579669
service,No data,1769230661,1.4168334,51.3349106
residential,20,8177115024,1.3990518,51.3523841
cycleway,No data,8243320047,1.4026347,51.3495043
cycleway,No data,8243320046,1.4024577,51.3494427
residential,30,1772852198,1.4062928,51.3496305
residential,30,8557737520,1.4058371,51.349974
residential,30,8557737470,1.4065399,51.3494442
residential,30,1772869592,1.408267,51.3480495
residential,30,7244731149,1.4082814,51.3479856
service,No data,1772869625,1.4068941,51.3491771
cycleway,No data,8231866421,1.410575,51.3514171
residential,30,8557737430,1.4068581,51.3492042
residential,30,7244731151,1.4070658,51.3490476
footway,No data,8185105043,1.4212509,51.3432253
service,No data,1779062678,1.4205256,51.3349828
service,No data,1779062737,1.4201048,51.3354991
footway,No data,1779063370,1.4227467,51.3397932
footway,No data,1779063412,1.4197293,51.340251
residential,30,1779289866,1.4220554,51.3332052
residential,30,4567898672,1.4218169,51.3330549
residential,30,4567898670,1.422401,51.3332309
service,No data,4567908523,1.4224793,51.3353291
footway,No data,8975205274,1.4234939,51.3397386
primary,30,1810062470,1.3985697,51.3565199
cycleway,No data,1810062460,1.3986079,51.3563455
cycleway,No data,1810062476,1.3983208,51.3566519
service,No data,8279423131,1.397595,51.3566338
primary,30,1810062477,1.3984108,51.3566994
cycleway,No data,8279423133,1.3982794,51.3566979
primary,30,1810062486,1.3980098,51.3571408
service,No data,1810062482,1.3979112,51.3571048
cycleway,No data,8279423143,1.3980052,51.357001
service,No data,6840794512,1.3896596,51.3408033
living_street,No data,10054632975,1.3897165,51.3416971
cycleway,No data,8184737879,1.3900065,51.3567911
unclassified,No data,336131890,1.3901246,51.3569614
residential,30,2001179592,1.4083964,51.3474747
residential,30,7244731155,1.4083841,51.3475292
residential,30,8557720887,1.4084057,51.347433
service,No data,5171020044,1.3937075,51.3577397
service,No data,5171020047,1.3937948,51.3575102
service,5,2046471519,1.3910852,51.3580356
footway,No data,2046471603,1.3914082,51.3582688
service,No data,5423699189,1.3896038,51.3581945
footway,No data,2046471647,1.391477,51.3584501
footway,No data,2046471695,1.3916639,51.3589723
service,No data,4570225316,1.3910801,51.3584062
service,No data,2046481030,1.3906076,51.3585593
footway,No data,2046471740,1.3918431,51.3595158
footway,No data,5439599243,1.3918197,51.3596212
footway,No data,5385389688,1.3900871,51.3586411
footway,No data,2046481058,1.390346,51.3588608
steps,No data,9009968484,1.390221,51.3589197
pedestrian,No data,8242769779,1.3905803,51.3591947
secondary,30,8223767942,1.4220151,51.332532
service,No data,7454126726,1.4217702,51.3325243
unclassified,30,3935581794,1.395074,51.3559923
service,5,8243595639,1.3947263,51.356167
service,5,4744046861,1.3942575,51.3561994
unclassified,5,3695842825,1.3945433,51.3566541
unclassified,5,4744046855,1.3945555,51.3567307
service,5,5171020053,1.3939002,51.3568168
service,5,8243595622,1.3927709,51.356749
service,5,5258670063,1.3926379,51.3565763
service,5,4744046860,1.3943743,51.3563518
service,5,4744046859,1.3944616,51.3564848
service,5,5171020054,1.3938015,51.3566879
service,5,5171020055,1.3936997,51.356555
service,5,8243595635,1.3933515,51.3565709
service,5,5171020056,1.393583,51.3564027
unclassified,5,8243595662,1.3946235,51.3570238
unclassified,30,3743368758,1.3948859,51.3574102
service,No data,5773280506,1.3949498,51.3575548
service,No data,6108120838,1.3950293,51.3575704
steps,No data,9102010159,1.4135577,51.3290919
pedestrian,No data,4567898714,1.4243452,51.3323366
footway,No data,5344070101,1.4240826,51.3325125
service,No data,8184863614,1.4196481,51.3330468
steps,No data,9009852804,1.4233472,51.335867
footway,No data,9009852799,1.4225462,51.3355054
primary,30,4570222182,1.40169,51.3530393
primary,30,6533867837,1.401395,51.3533695
footway,No data,8459584256,1.3922033,51.358224
service,No data,29057766,1.4077608,51.3405141
footway,No data,4686827024,1.4065243,51.3407476
footway,No data,4686827030,1.405533,51.341277
steps,No data,4686827032,1.4056437,51.3411351
residential,30,4975743403,1.3994349,51.3404463
residential,30,8283855234,1.3997607,51.3405438
bridleway,No data,8283855233,1.3999721,51.3402806
bridleway,No data,8283855235,1.4003309,51.3403168
service,No data,5418510870,1.3946875,51.3574562
service,No data,5418510873,1.3943919,51.3578957
tertiary,30,5912001723,1.3870239,51.3546346
service,5,5319146012,1.388862,51.3571541
service,No data,364161653,1.4097447,51.3272028
secondary,30,5866940470,1.4012336,51.3385677
service,No data,5391125390,1.3921042,51.3418479
living_street,No data,8283855264,1.3897328,51.3428515
footway,No data,5391125413,1.383576,51.3361307
trunk,60,8528963899,1.3858879,51.3356875
service,5,5423697611,1.3876665,51.3561733
tertiary,30,5518580548,1.3872506,51.3550458
service,5,5423697612,1.3876962,51.3562869
service,No data,5431003902,1.3892056,51.3488813
service,No data,8279423134,1.3981461,51.3566368
service,No data,8467164902,1.420348,51.3374803
footway,No data,5666658006,1.4206079,51.337306
cycleway,No data,11816145037,1.4065175,51.3405123
service,No data,8364846929,1.413182,51.3281999
secondary,30,8329355288,1.4009895,51.3386153
service,No data,8243591647,1.3951166,51.3575091
service,No data,6113292018,1.409232,51.3414205
secondary,30,6382235042,1.390952,51.3407535
residential,30,8557737387,1.4075463,51.3486853
service,No data,8557737364,1.4079639,51.3486713
service,No data,6805191018,1.4084289,51.348664
service,No data,6840794490,1.3895066,51.3405346
service,No data,300604504,1.3896814,51.3408702
service,10,8231866428,1.4107589,51.3517429
service,No data,8231866433,1.4111388,51.3517139
service,No data,6915805775,1.4112485,51.3516752
service,No data,7954319728,1.4110427,51.351427
primary,30,8467098343,1.422587,51.3378332
residential,30,7100949087,1.4151599,51.3327761
trunk,40,7189333054,1.3870732,51.3354731
residential,30,8557720910,1.4083044,51.3478832
residential,30,8557737386,1.4071517,51.3489829
residential,30,7244731153,1.4074599,51.3487505
residential,30,8557720908,1.4083267,51.3477843
residential,30,7244731157,1.4085,51.3470138
residential,30,8557720885,1.4084278,51.347335
footway,No data,7454138470,1.4217689,51.3325182
steps,No data,8397380908,1.4217469,51.3324529
service,No data,300925063,1.4139544,51.3353994
service,No data,7936391475,1.3986307,51.345105
service,No data,8231866425,1.4105587,51.3517843
service,No data,8231866424,1.4101884,51.3514702
service,No data,8231866423,1.4104115,51.3514329
service,No data,7954319724,1.4106637,51.3516308
service,10,8231859816,1.4106262,51.3514192
unclassified,5,7983476218,1.3911779,51.350537
residential,30,8165142084,1.4076917,51.3524972
residential,30,8231827818,1.4074214,51.352724
residential,30,8283855360,1.4051935,51.3455111
residential,30,8283855361,1.4049213,51.3453903
service,No data,9385929449,1.4216467,51.3384458
service,No data,8225990362,1.4130168,51.3359141
residential,30,8231827821,1.4069299,51.3531993
residential,30,8231827820,1.4070617,51.3530751
footway,No data,8243288193,1.4026674,51.3494758
footway,No data,8243288194,1.4024886,51.3494122
footway,No data,8243320048,1.4028076,51.3495355
footway,No data,8243288195,1.4023036,51.3493586
steps,No data,8243320045,1.4022739,51.3493883
footway,No data,8243320044,1.4020927,51.3493346
footway,No data,8243288204,1.4011877,51.3489635
service,No data,8283855199,1.3990543,51.3425996
service,No data,8283855202,1.3991745,51.3428053
residential,30,8283855359,1.4031697,51.3479503
primary,No data,11403689967,1.3840362,51.3431267
service,No data,8364846901,1.4142624,51.3277494
service,No data,8364846930,1.4141093,51.3277803
footway,No data,8420396789,1.4217178,51.337756
steps,No data,8420396797,1.4217362,51.3377233
footway,No data,9060604508,1.4217076,51.3376774
residential,30,8557737471,1.4066337,51.3493734
residential,30,8557737545,1.4056143,51.3501421
residential,30,8557737538,1.405345,51.3503451
residential,30,8557737544,1.4055222,51.3502115
residential,30,8860759805,1.4025319,51.3273671
residential,30,8860759816,1.401634,51.3273092
footway,No data,8975017084,1.3958345,51.326898
footway,No data,8975074603,1.4267193,51.3448231
footway,No data,8975291712,1.4228732,51.3368907
pedestrian,No data,9009869000,1.4228365,51.3368159
steps,No data,8975293977,1.4227469,51.3366336
service,30,29029497,1.4183937,51.3326283
service,No data,10710289467,1.3878684,51.3517914
service,No data,10710289476,1.3875523,51.3513187
service,No data,10710289474,1.3883437,51.3510874
footway,No data,11383833412,1.4360534,51.3424613
steps,No data,11383833400,1.4328158,51.3384243
footway,No data,11383833422,1.4308726,51.3368246
steps,No data,11383833428,1.4254672,51.3329766
footway,No data,11384237055,1.4064351,51.3266087
secondary,30,11403689941,1.3839845,51.3428988
